{"cameraMode":{"drawMode":0,"name":"Shaded","section":"Shading Mode"},"sceneLighting":false,"audioPlay":false,"sceneViewState":{"showFog":true,"showMaterialUpdate":false,"showSkybox":false,"showFlares":true,"showImageEffects":true,"showParticleSystems":true},"in2DMode":false,"pivot":{"x":143.33700561523438,"y":30.343000411987306,"z":179.74400329589845},"rotation":{"x":-0.04782296344637871,"y":-0.9397539496421814,"z":0.30465978384017947,"w":-0.14751756191253663},"size":1.6500413417816163,"orthographic":false}