{"cameraMode":{"drawMode":0,"name":"Shaded","section":"Shading Mode"},"sceneLighting":false,"audioPlay":false,"sceneViewState":{"showFog":true,"showMaterialUpdate":false,"showSkybox":false,"showFlares":true,"showImageEffects":true,"showParticleSystems":true},"in2DMode":false,"pivot":{"x":1.4739999771118165,"y":1.065999984741211,"z":6.138000011444092},"rotation":{"x":-0.10307018458843231,"y":-0.6560348868370056,"z":0.09110911935567856,"w":-0.7421119809150696},"size":1.4289418458938599,"orthographic":false}